{
  "timestamp": "2026-02-03T14:47:43.804415",
  "temperature": 1.0,
  "metrics_default": {
    "threshold": 0.5,
    "accuracy": 0.9939855276759703,
    "precision": 0.9976353747930953,
    "recall": 0.994812544211271,
    "f1_score": 0.9962219598583235,
    "specificity": 0.9907364520611394,
    "auc_roc": 0.9993442233718595,
    "auc_pr": 0.9994672352129684,
    "confusion_matrix": [
      [
        2139,
        20
      ],
      [
        44,
        8438
      ]
    ],
    "n_samples": 10641,
    "n_real": 2159,
    "n_fake": 8482
  },
  "optimal_threshold": 0.30999999999999994,
  "optimal_f1": 0.9968784969668414,
  "metrics_optimal": {
    "threshold": 0.30999999999999994,
    "accuracy": 0.9950192651066629,
    "precision": 0.9959985877368484,
    "recall": 0.9977599622730489,
    "f1_score": 0.9968784969668414,
    "specificity": 0.984251968503937,
    "auc_roc": 0.9993442233718595,
    "auc_pr": 0.9994672352129684,
    "confusion_matrix": [
      [
        2125,
        34
      ],
      [
        19,
        8463
      ]
    ],
    "n_samples": 10641,
    "n_real": 2159,
    "n_fake": 8482
  },
  "ece": 0.0594759299453516
}